ID,Emplyee name,Due for promotion
58,Stephan Q Ranger,1
80,Elsy B Latta,1
83,Carolynn V Moynihan,1
117,Jeneva Y Bybee,1
119,Nettie T Mccandless,1
145,Jerlene P Dunnigan,1
162,Walton S Keim,1
165,Inocencia Z Buteau,1
244,America V Lobel,1
259,Valene Z Woodmansee,1
264,Scott D Torrey,1
302,Deanna P Scoggin,1
319,Maximina K Frates,1
329,Detra D Rymer,1
343,Narcisa C Rayburn,1
373,Aliza X Sammons,1
387,Larry K Mash,1
429,Julius Q Stock,1
436,Cecily D Houser,1
444,Therese Q Belden,1
515,Vernell X Amado,1
529,Kylie K Freda,1
549,Laurena P Caston,1
569,Patria D Riedel,1
573,Brendon E Mone,1
625,Alexis Q Grose,1
644,Ken X Weisberg,1
691,Jeff E Lucero,1
721,Adelaide L Harrop,1
731,Amiee Z Chaffins,1
746,Jayson S Carrol,1
809,Toya B Rawlins,1
825,Janie P Caswell,1
905,Toney W Bollman,1
970,Carolin T Loya,1
981,Mack L Lykes,1
1014,Sheryll X Broadbent,1
1026,Taneka Q Church,1
1039,Renaldo K Cheatham,1
1042,Clemente S Wiechmann,1
1092,Mauricio I Streets,1
1109,Loren H Mckenzie,1
1127,Carlotta T Ryles,1
1167,Carmelia E Bergeron,1
1204,Fernando S Korhonen,1
1225,Keira Y Till,1
1278,Susana H Hooks,1
1282,Garrett S Nolette,1
1288,Buck H Rancourt,1
1293,Tiny Q Llanos,1
1307,Jamaal Z Resto,1
1329,Dulce E Grizzard,1
1373,Reinaldo G Castellanos,1
1375,Kendrick C Burchette,1
1422,Kenton Q Villalta,1
1489,Kaye Tubbs,1
1523,Andrew Detweiler,1
1539,Jolanda Dewees,1
1547,Jordan Phu,1
1606,Garnett Dryer,1
1628,Devin Hales,1
1712,Vaughn Garica,1
1716,Candelaria Zajicek,1
1740,Taylor Thill,1
1815,Edmund Mcclung,1
1824,Celine Baskin,1
1827,Christie Rodger,1
1867,Jamel Meaney,1
1892,Jon Arvizu,1
1975,Stewart Mazurek,1
1993,Aiko Blossom,1
2036,Jon Behler,1
